/*
 Navicat Premium Data Transfer

 Source Server         : mysql
 Source Server Type    : MySQL
 Source Server Version : 80041 (8.0.41)
 Source Host           : localhost:3306
 Source Schema         : aiwechat

 Target Server Type    : MySQL
 Target Server Version : 80041 (8.0.41)
 File Encoding         : 65001

 Date: 05/03/2026 15:43:20
*/

SET NAMES utf8mb4;
SET FOREIGN_KEY_CHECKS = 0;

-- ----------------------------
-- Table structure for admin
-- ----------------------------
DROP TABLE IF EXISTS `admin`;
CREATE TABLE `admin`  (
  `id` varchar(191) CHARACTER SET utf8mb4 COLLATE utf8mb4_unicode_ci NOT NULL,
  `username` varchar(191) CHARACTER SET utf8mb4 COLLATE utf8mb4_unicode_ci NOT NULL,
  `password` varchar(191) CHARACTER SET utf8mb4 COLLATE utf8mb4_unicode_ci NOT NULL,
  `nickname` varchar(191) CHARACTER SET utf8mb4 COLLATE utf8mb4_unicode_ci NULL DEFAULT NULL,
  `role` varchar(191) CHARACTER SET utf8mb4 COLLATE utf8mb4_unicode_ci NOT NULL DEFAULT 'admin',
  `status` varchar(191) CHARACTER SET utf8mb4 COLLATE utf8mb4_unicode_ci NOT NULL DEFAULT 'active',
  `createdAt` datetime(3) NOT NULL DEFAULT CURRENT_TIMESTAMP(3),
  `updatedAt` datetime(3) NOT NULL,
  PRIMARY KEY (`id`) USING BTREE,
  UNIQUE INDEX `Admin_username_key`(`username` ASC) USING BTREE
) ENGINE = InnoDB CHARACTER SET = utf8mb4 COLLATE = utf8mb4_unicode_ci ROW_FORMAT = Dynamic;

-- ----------------------------
-- Records of admin
-- ----------------------------

-- ----------------------------
-- Table structure for aimessage
-- ----------------------------
DROP TABLE IF EXISTS `aimessage`;
CREATE TABLE `aimessage`  (
  `id` varchar(191) CHARACTER SET utf8mb4 COLLATE utf8mb4_unicode_ci NOT NULL,
  `sessionId` varchar(191) CHARACTER SET utf8mb4 COLLATE utf8mb4_unicode_ci NOT NULL,
  `role` varchar(191) CHARACTER SET utf8mb4 COLLATE utf8mb4_unicode_ci NOT NULL,
  `content` text CHARACTER SET utf8mb4 COLLATE utf8mb4_unicode_ci NOT NULL,
  `tokens` int NULL DEFAULT NULL,
  `createdAt` datetime(3) NOT NULL DEFAULT CURRENT_TIMESTAMP(3),
  PRIMARY KEY (`id`) USING BTREE,
  INDEX `AIMessage_sessionId_fkey`(`sessionId` ASC) USING BTREE,
  CONSTRAINT `AIMessage_sessionId_fkey` FOREIGN KEY (`sessionId`) REFERENCES `aisession` (`id`) ON DELETE CASCADE ON UPDATE CASCADE
) ENGINE = InnoDB CHARACTER SET = utf8mb4 COLLATE = utf8mb4_unicode_ci ROW_FORMAT = Dynamic;

-- ----------------------------
-- Records of aimessage
-- ----------------------------

-- ----------------------------
-- Table structure for aisession
-- ----------------------------
DROP TABLE IF EXISTS `aisession`;
CREATE TABLE `aisession`  (
  `id` varchar(191) CHARACTER SET utf8mb4 COLLATE utf8mb4_unicode_ci NOT NULL,
  `userId` varchar(191) CHARACTER SET utf8mb4 COLLATE utf8mb4_unicode_ci NOT NULL,
  `title` varchar(191) CHARACTER SET utf8mb4 COLLATE utf8mb4_unicode_ci NULL DEFAULT NULL,
  `context` text CHARACTER SET utf8mb4 COLLATE utf8mb4_unicode_ci NULL,
  `createdAt` datetime(3) NOT NULL DEFAULT CURRENT_TIMESTAMP(3),
  `updatedAt` datetime(3) NOT NULL,
  PRIMARY KEY (`id`) USING BTREE,
  INDEX `AISession_userId_fkey`(`userId` ASC) USING BTREE,
  CONSTRAINT `AISession_userId_fkey` FOREIGN KEY (`userId`) REFERENCES `user` (`id`) ON DELETE CASCADE ON UPDATE CASCADE
) ENGINE = InnoDB CHARACTER SET = utf8mb4 COLLATE = utf8mb4_unicode_ci ROW_FORMAT = Dynamic;

-- ----------------------------
-- Records of aisession
-- ----------------------------

-- ----------------------------
-- Table structure for cart
-- ----------------------------
DROP TABLE IF EXISTS `cart`;
CREATE TABLE `cart`  (
  `id` varchar(191) CHARACTER SET utf8mb4 COLLATE utf8mb4_unicode_ci NOT NULL,
  `userId` varchar(191) CHARACTER SET utf8mb4 COLLATE utf8mb4_unicode_ci NOT NULL,
  `productId` varchar(191) CHARACTER SET utf8mb4 COLLATE utf8mb4_unicode_ci NOT NULL,
  `quantity` int NOT NULL DEFAULT 1,
  `selected` tinyint(1) NOT NULL DEFAULT 1,
  `createdAt` datetime(3) NOT NULL DEFAULT CURRENT_TIMESTAMP(3),
  `updatedAt` datetime(3) NOT NULL,
  PRIMARY KEY (`id`) USING BTREE,
  UNIQUE INDEX `Cart_userId_productId_key`(`userId` ASC, `productId` ASC) USING BTREE,
  INDEX `Cart_productId_fkey`(`productId` ASC) USING BTREE,
  CONSTRAINT `Cart_productId_fkey` FOREIGN KEY (`productId`) REFERENCES `product` (`id`) ON DELETE RESTRICT ON UPDATE CASCADE,
  CONSTRAINT `Cart_userId_fkey` FOREIGN KEY (`userId`) REFERENCES `user` (`id`) ON DELETE CASCADE ON UPDATE CASCADE
) ENGINE = InnoDB CHARACTER SET = utf8mb4 COLLATE = utf8mb4_unicode_ci ROW_FORMAT = Dynamic;

-- ----------------------------
-- Records of cart
-- ----------------------------

-- ----------------------------
-- Table structure for category
-- ----------------------------
DROP TABLE IF EXISTS `category`;
CREATE TABLE `category`  (
  `id` varchar(191) CHARACTER SET utf8mb4 COLLATE utf8mb4_unicode_ci NOT NULL,
  `name` varchar(191) CHARACTER SET utf8mb4 COLLATE utf8mb4_unicode_ci NOT NULL,
  `parentId` varchar(191) CHARACTER SET utf8mb4 COLLATE utf8mb4_unicode_ci NULL DEFAULT NULL,
  `sortOrder` int NOT NULL DEFAULT 0,
  `icon` varchar(191) CHARACTER SET utf8mb4 COLLATE utf8mb4_unicode_ci NULL DEFAULT NULL,
  `createdAt` datetime(3) NOT NULL DEFAULT CURRENT_TIMESTAMP(3),
  `updatedAt` datetime(3) NOT NULL,
  PRIMARY KEY (`id`) USING BTREE,
  INDEX `Category_parentId_fkey`(`parentId` ASC) USING BTREE,
  CONSTRAINT `Category_parentId_fkey` FOREIGN KEY (`parentId`) REFERENCES `category` (`id`) ON DELETE SET NULL ON UPDATE CASCADE
) ENGINE = InnoDB CHARACTER SET = utf8mb4 COLLATE = utf8mb4_unicode_ci ROW_FORMAT = Dynamic;

-- ----------------------------
-- Records of category
-- ----------------------------
INSERT INTO `category` VALUES ('cat-1', 'ç”µه­گن؛§ه“پ', NULL, 1, NULL, '2026-02-20 08:36:52.939', '2026-02-20 08:36:52.939');
INSERT INTO `category` VALUES ('cat-2', 'وœچè£…é‍‹هŒ…', NULL, 2, NULL, '2026-02-20 08:36:52.939', '2026-02-20 08:36:52.939');
INSERT INTO `category` VALUES ('cat-3', 'é£ںه“پç”ںé²œ', NULL, 3, NULL, '2026-02-20 08:36:52.939', '2026-02-20 08:36:52.939');
INSERT INTO `category` VALUES ('cat-4', 'ه®¶ه±…ç”¨ه“پ', NULL, 4, NULL, '2026-02-20 08:36:52.939', '2026-02-20 08:36:52.939');

-- ----------------------------
-- Table structure for chat_records
-- ----------------------------
DROP TABLE IF EXISTS `chat_records`;
CREATE TABLE `chat_records`  (
  `id` bigint NOT NULL AUTO_INCREMENT,
  `user_id` varchar(64) CHARACTER SET utf8mb4 COLLATE utf8mb4_0900_ai_ci NOT NULL,
  `session_id` varchar(64) CHARACTER SET utf8mb4 COLLATE utf8mb4_0900_ai_ci NOT NULL,
  `question` varchar(2000) CHARACTER SET utf8mb4 COLLATE utf8mb4_0900_ai_ci NULL DEFAULT NULL,
  `answer` text CHARACTER SET utf8mb4 COLLATE utf8mb4_0900_ai_ci NULL,
  `sources` varchar(500) CHARACTER SET utf8mb4 COLLATE utf8mb4_0900_ai_ci NULL DEFAULT NULL,
  `created_at` datetime NULL DEFAULT CURRENT_TIMESTAMP,
  `role` varchar(20) CHARACTER SET utf8mb4 COLLATE utf8mb4_0900_ai_ci NOT NULL,
  PRIMARY KEY (`id`) USING BTREE,
  INDEX `idx_user_id`(`user_id` ASC) USING BTREE,
  INDEX `idx_session_id`(`session_id` ASC) USING BTREE
) ENGINE = InnoDB AUTO_INCREMENT = 13 CHARACTER SET = utf8mb4 COLLATE = utf8mb4_0900_ai_ci ROW_FORMAT = Dynamic;

-- ----------------------------
-- Records of chat_records
-- ----------------------------
INSERT INTO `chat_records` VALUES (1, '1', '3b52b7ec-a7bc-40f1-a45b-49688d0e330a', 'èµ·é€پن»·و ¼', NULL, NULL, '2026-03-05 19:03:23', 'user');
INSERT INTO `chat_records` VALUES (2, '1', '3b52b7ec-a7bc-40f1-a45b-49688d0e330a', NULL, 'ه—¨ï¼پو¬¢è؟ژو‌¥هˆ°ه°ڈé¤گï¼Œوƒ³çں¥éپ“èµ·é€پن»·و ¼هگ—ï¼ںوˆ‘ن»¬ن¸€èˆ¬èµ·é€پن»·وک¯19.9ه…ƒï¼Œن¸‹هچ•و»،è؟™ن¸ھé‡‘é¢‌ه°±هڈ¯ن»¥ن؛«هڈ—ن¼کوƒ ه•¦ï¼په¦‚و‍œن½ è؟کو²،ن¸‹هچ•ï¼Œهڈ¯ن»¥ه…ˆçœ‹çœ‹وœ‰و²،وœ‰هگˆé€‚çڑ„èڈœه“پï¼Œوˆ–è€…ه‘ٹè¯‰وˆ‘ن½ وƒ³è¦پçڑ„هڈ£ه‘³ه’Œو•°é‡ڈï¼Œوˆ‘و‌¥ه¸®ن½ وژ¨èچگه“¦ï½‍', NULL, '2026-03-05 19:03:24', 'assistant');
INSERT INTO `chat_records` VALUES (3, '1', 'e689095c-2d61-4ffa-bb2a-63b96a7c91a8', 'èµ·é€پن»·و ¼', NULL, NULL, '2026-03-05 19:03:23', 'user');
INSERT INTO `chat_records` VALUES (4, '1', 'e689095c-2d61-4ffa-bb2a-63b96a7c91a8', NULL, 'ن½ ه¥½ه‘€ï¼پèµ·é€پن»·و ¼وک¯ه’±ن»¬ه°ڈç¨‹ه؛ڈçڑ„ن¼کوƒ و”؟ç­–ه“¦ï¼Œه…·ن½“وک¯ه¤ڑه°‘ه‘¢ï¼ںوˆ‘ن»¬è؟™è¾¹ç»™و‚¨و‌¥ن¸ھç®€هچ•è¯´وکژï¼ڑ\n\n- ه¦‚و‍œو‚¨ن¸‹هچ•و•°é‡ڈè¾¾هˆ°**5ن»¶هڈٹن»¥ن¸ٹ**ï¼Œه°±هڈ¯ن»¥ن؛«هڈ—**ه…چé…چé€پè´¹**ه•¦ï¼پ\n- ه¦‚و‍œن¸‹هچ•ن¸چè¶³5ن»¶ï¼Œه°±éœ€è¦پو”¯ن»ک**هں؛ç،€é…چé€پè´¹**ï¼Œه…·ن½“é‡‘é¢‌ن¼ڑو ¹وچ®و‚¨çڑ„è®¢هچ•وƒ…ه†µو‌¥ه®ڑم€‚\n\nه¦‚و‍œو‚¨وœ‰ه…·ن½“çڑ„è®¢هچ•ن؟،وپ¯ï¼Œو¯”ه¦‚è®¢هچ•و•°م€په¾…ن»کو¬¾çٹ¶و€پç­‰ï¼Œوˆ‘هڈ¯ن»¥ه¸®و‚¨و›´ه‡†ç،®هœ°è®،ç®—èµ·é€پن»·و ¼ه“¦ï¼پ\n\nوƒ³çœ‹çœ‹وœ‰و²،وœ‰ن¼کوƒ و´»هٹ¨هگ—ï¼ںوˆ–è€…éœ€è¦پوˆ‘ه¸®و‚¨وژ¨èچگه‡ éپ“ه¥½èڈœï¼ں', NULL, '2026-03-05 19:03:24', 'assistant');
INSERT INTO `chat_records` VALUES (5, '1', 'cc5287f5-3cba-4f0f-85cd-25b55a36c936', 'ن½ ه¥½ه‘€', NULL, NULL, '2026-03-05 19:03:31', 'user');
INSERT INTO `chat_records` VALUES (6, '1', 'cc5287f5-3cba-4f0f-85cd-25b55a36c936', NULL, 'ن½ ه¥½ه‘€ï¼پو¬¢è؟ژو‌¥هˆ°ه°ڈé¤گï½‍ًںکٹ\n\nوˆ‘ن»¬è؟™è¾¹èµ·é€پن»·وک¯19.9ه…ƒï¼Œن¸‹هچ•و»،è؟™ن¸ھé‡‘é¢‌ه°±هڈ¯ن»¥ن؛«هڈ—ن¼کوƒ ه•¦ï¼په¦‚و‍œن½ è؟کو²،ن¸‹هچ•ï¼Œهڈ¯ن»¥ه…ˆçœ‹çœ‹وœ‰و²،وœ‰هگˆé€‚çڑ„èڈœه“پï¼Œوˆ–è€…ه‘ٹè¯‰وˆ‘ن½ وƒ³è¦پçڑ„هڈ£ه‘³ه’Œو•°é‡ڈï¼Œوˆ‘و‌¥ه¸®ن½ وژ¨èچگه“¦ï½‍\n\nهڈ¦ه¤–ï¼Œه’±ن»¬ه°ڈç¨‹ه؛ڈوœ‰ه‡ é،¹ه°ڈç¦ڈهˆ©ï¼ڑ\n- ن¸‹هچ•**5ن»¶هڈٹن»¥ن¸ٹ**ï¼Œهڈ¯ن»¥ه…چé…چé€پè´¹ï¼پ\n- ن¸چè¶³5ن»¶çڑ„è¯‌ï¼Œéœ€è¦پو”¯ن»کهں؛ç،€é…چé€پè´¹ï¼Œه…·ن½“é‡‘é¢‌ن¼ڑو ¹وچ®è®¢هچ•وƒ…ه†µو‌¥ه®ڑم€‚\n\nه¦‚و‍œن½ وƒ³ن؛†è§£ن¼کوƒ و´»هٹ¨ï¼Œوˆ–è€…éœ€è¦پوˆ‘ه¸®ن½ وژ¨èچگه‡ éپ“ه¥½èڈœï¼Œéڑڈو—¶ه‘ٹè¯‰وˆ‘ه“¦ï½‍ًںکٹ', NULL, '2026-03-05 19:03:32', 'assistant');
INSERT INTO `chat_records` VALUES (7, '1', '82d2927e-54d1-4796-90c0-6ef4a9dd58ce', 'ن½ çں¥éپ“1+1ç­‰ن؛ژه‡ هگ—', NULL, NULL, '2026-03-05 19:04:06', 'user');
INSERT INTO `chat_records` VALUES (8, '1', '82d2927e-54d1-4796-90c0-6ef4a9dd58ce', NULL, 'ه—¨ï¼پن½ çں¥éپ“1+1ç­‰ن؛ژه‡ هگ—ï¼ںه“ˆه“ˆï¼Œè؟™ن¸ھé—®é¢کè¶…ç®€هچ•ه“¦ï¼پ1هٹ 1ç­‰ن؛ژ2ه‘€ï½‍ ًںک„\n\nوˆ‘ن»¬ه°ڈç¨‹ه؛ڈçڑ„èµ·é€پن»·وک¯19.9ه…ƒï¼Œن¸‹هچ•و»،è؟™ن¸ھé‡‘é¢‌ه°±هڈ¯ن»¥ن؛«هڈ—ن¼کوƒ ه•¦ï¼په¦‚و‍œن½ è؟کو²،ن¸‹هچ•ï¼Œهڈ¯ن»¥ه…ˆçœ‹çœ‹وœ‰و²،وœ‰هگˆé€‚çڑ„èڈœه“پï¼Œوˆ–è€…ه‘ٹè¯‰وˆ‘ن½ وƒ³è¦پçڑ„هڈ£ه‘³ه’Œو•°é‡ڈï¼Œوˆ‘و‌¥ه¸®ن½ وژ¨èچگه“¦ï½‍\n\nهڈ¦ه¤–ï¼Œه’±ن»¬ه°ڈç¨‹ه؛ڈوœ‰ه‡ é،¹ه°ڈç¦ڈهˆ©ï¼ڑ\n- ن¸‹هچ•**5ن»¶هڈٹن»¥ن¸ٹ**ï¼Œهڈ¯ن»¥ه…چé…چé€پè´¹ï¼پ\n- ن¸چè¶³5ن»¶çڑ„è¯‌ï¼Œéœ€è¦پو”¯ن»کهں؛ç،€é…چé€پè´¹ï¼Œه…·ن½“é‡‘é¢‌ن¼ڑو ¹وچ®è®¢هچ•وƒ…ه†µو‌¥ه®ڑم€‚\n\nه¦‚و‍œن½ وƒ³ن؛†è§£ن¼کوƒ و´»هٹ¨ï¼Œوˆ–è€…éœ€è¦پوˆ‘ه¸®ن½ وژ¨èچگه‡ éپ“ه¥½èڈœï¼Œéڑڈو—¶ه‘ٹè¯‰وˆ‘ه“¦ï½‍ًںکٹ', NULL, '2026-03-05 19:04:07', 'assistant');
INSERT INTO `chat_records` VALUES (9, '1', '5aaf5e19-e241-4e58-a4a9-e4b46ea4d7f8', 'ن¼کوƒ و´»هٹ¨', NULL, NULL, '2026-03-05 19:27:42', 'user');
INSERT INTO `chat_records` VALUES (10, '1', '3252dabf-bbea-4281-8cd2-21114e8f60a1', 'ن¼کوƒ و´»هٹ¨', NULL, NULL, '2026-03-05 19:27:42', 'user');
INSERT INTO `chat_records` VALUES (11, '1', '5aaf5e19-e241-4e58-a4a9-e4b46ea4d7f8', NULL, 'ه—¨ï¼پن¼کوƒ و´»هٹ¨è¶…ه¤ڑه“¦ï¼Œو‌¥çœ‹çœ‹وœ‰ه“ھن؛›ه•¦ï½‍ ًںکٹ\n\n1. **و»،ه‡ڈو´»هٹ¨**ï¼ڑن¸‹هچ•و»،19.9ه…ƒهڈ¯ن»¥ن؛«هڈ—ن¼کوƒ ï¼Œè؟کèƒ½هڈ هٹ ه…¶ن»–وٹکو‰£ه“¦ï¼پ  \n2. **5ن»¶ه…چé…چé€پ**ï¼ڑهڈھè¦پè®¢هچ•و•°é‡ڈè¾¾هˆ°5ن»¶هڈٹن»¥ن¸ٹï¼Œه°±هڈ¯ن»¥ه…چé…چé€پè´¹ه•¦ï¼پ  \n3. **èµ ه“پو´»هٹ¨**ï¼ڑوœ‰و—¶ه€™وˆ‘ن»¬ن¼ڑوژ¨ه‡؛èµ ه“پم€په°ڈç¤¼هŒ…ن¹‹ç±»çڑ„ç¦ڈهˆ©ï¼Œè®°ه¾—ه…³و³¨وˆ‘ن»¬çڑ„وژ¨é€په“¦ï½‍  \n4. **é™گو—¶ن¼کوƒ **ï¼ڑو¯”ه¦‚èٹ‚و—¥ن؟ƒé”€م€پç”ںو—¥ن¼کوƒ ç­‰ï¼Œéƒ½وک¯ç‰¹هˆ«çڑ„و´»هٹ¨ï¼Œéڑڈو—¶ه…³و³¨وˆ‘ن»¬çڑ„é€ڑçں¥ï¼پ\n\nوƒ³ن؛†è§£ه…·ن½“çڑ„ن¼کوƒ و´»هٹ¨هگ—ï¼ںوˆ–è€…éœ€è¦پوˆ‘ه¸®ن½ وژ¨èچگه‡ éپ“ه¥½èڈœï¼ںéڑڈو—¶ه‘ٹè¯‰وˆ‘ه“¦ï½‍ًںکٹ', NULL, '2026-03-05 19:27:43', 'assistant');
INSERT INTO `chat_records` VALUES (12, '1', '3252dabf-bbea-4281-8cd2-21114e8f60a1', NULL, 'ه—¨ï¼پن¼کوƒ و´»هٹ¨è¶…ه¤ڑه“¦ï½‍و‌¥çœ‹çœ‹وœ‰ه“ھن؛›ه•¦ï¼پ\n\n- **و»،ه‡ڈو´»هٹ¨**ï¼ڑن¸‹هچ•و»،19.9ه…ƒهچ³هڈ¯ن؛«هڈ—ن¼کوƒ ï¼Œè؟کèƒ½هڈ هٹ ه…¶ن»–وٹکو‰£ه“¦ï¼پ\n- **5ن»¶ن»¥ن¸ٹه…چé…چé€پè´¹**ï¼ڑهڈھè¦پè®¢هچ•و•°é‡ڈè¾¾هˆ°5ن»¶هڈٹن»¥ن¸ٹï¼Œه°±هڈ¯ن»¥ه…چé…چé€پè´¹ه•¦ï¼پ\n- **èµ ه“پو´»هٹ¨**ï¼ڑوœ‰و—¶ه€™ن¼ڑوœ‰èµ ه“پوˆ–è€…ه°ڈç¤¼ç‰©ï¼Œو¯”ه¦‚ن¹°èڈœé€پè°ƒو–™هŒ…ن¹‹ç±»çڑ„ï¼Œè®°ه¾—ه…³و³¨وˆ‘ن»¬çڑ„وژ¨é€په“¦ï¼پ\n- **ن¼ڑه‘کç¦ڈهˆ©**ï¼ڑوˆگن¸؛ن¼ڑه‘کهڈ¯ن»¥ن؛«هڈ—و›´ه¤ڑن¸“ه±‍ن¼کوƒ ï¼Œو¯”ه¦‚ç§¯هˆ†ه…‘وچ¢م€پç”ںو—¥ç¤¼هŒ…ç­‰م€‚\n\nوƒ³ن؛†è§£ه…·ن½“çڑ„ن¼کوƒ و´»هٹ¨هگ—ï¼ںوˆ–è€…éœ€è¦پوˆ‘ه¸®ن½ وژ¨èچگه‡ éپ“ه¥½èڈœï¼ںéڑڈو—¶ه‘ٹè¯‰وˆ‘ه‘€ï½‍ًںکٹ', NULL, '2026-03-05 19:27:43', 'assistant');

-- ----------------------------
-- Table structure for knowledge_documents
-- ----------------------------
DROP TABLE IF EXISTS `knowledge_documents`;
CREATE TABLE `knowledge_documents`  (
  `id` bigint NOT NULL AUTO_INCREMENT,
  `title` varchar(255) CHARACTER SET utf8mb4 COLLATE utf8mb4_0900_ai_ci NOT NULL COMMENT 'و–‡و،£و ‡é¢ک',
  `content` text CHARACTER SET utf8mb4 COLLATE utf8mb4_0900_ai_ci NULL COMMENT 'و–‡و،£ه†…ه®¹',
  `file_path` varchar(500) CHARACTER SET utf8mb4 COLLATE utf8mb4_0900_ai_ci NULL DEFAULT NULL COMMENT 'و–‡ن»¶è·¯ه¾„',
  `file_type` varchar(50) CHARACTER SET utf8mb4 COLLATE utf8mb4_0900_ai_ci NULL DEFAULT NULL COMMENT 'و–‡ن»¶ç±»ه‍‹',
  `created_at` datetime NULL DEFAULT CURRENT_TIMESTAMP COMMENT 'هˆ›ه»؛و—¶é—´',
  `updated_at` datetime NULL DEFAULT CURRENT_TIMESTAMP ON UPDATE CURRENT_TIMESTAMP COMMENT 'و›´و–°و—¶é—´',
  PRIMARY KEY (`id`) USING BTREE
) ENGINE = InnoDB CHARACTER SET = utf8mb4 COLLATE = utf8mb4_0900_ai_ci COMMENT = 'çں¥è¯†ه؛“و–‡و،£è،¨' ROW_FORMAT = Dynamic;

-- ----------------------------
-- Records of knowledge_documents
-- ----------------------------

-- ----------------------------
-- Table structure for menu_items
-- ----------------------------
DROP TABLE IF EXISTS `menu_items`;
CREATE TABLE `menu_items`  (
  `id` bigint NOT NULL AUTO_INCREMENT,
  `item_id` varchar(64) CHARACTER SET utf8mb4 COLLATE utf8mb4_0900_ai_ci NOT NULL,
  `name` varchar(100) CHARACTER SET utf8mb4 COLLATE utf8mb4_0900_ai_ci NOT NULL,
  `description` varchar(500) CHARACTER SET utf8mb4 COLLATE utf8mb4_0900_ai_ci NULL DEFAULT NULL,
  `price` decimal(10, 2) NOT NULL,
  `category` varchar(50) CHARACTER SET utf8mb4 COLLATE utf8mb4_0900_ai_ci NULL DEFAULT NULL,
  `image_url` varchar(500) CHARACTER SET utf8mb4 COLLATE utf8mb4_0900_ai_ci NULL DEFAULT NULL,
  `is_available` tinyint NULL DEFAULT 1,
  `sales_count` int NULL DEFAULT 0,
  `created_at` datetime NULL DEFAULT CURRENT_TIMESTAMP,
  `updated_at` datetime NULL DEFAULT CURRENT_TIMESTAMP ON UPDATE CURRENT_TIMESTAMP,
  PRIMARY KEY (`id`) USING BTREE,
  UNIQUE INDEX `item_id`(`item_id` ASC) USING BTREE,
  INDEX `idx_category`(`category` ASC) USING BTREE,
  INDEX `idx_is_available`(`is_available` ASC) USING BTREE
) ENGINE = InnoDB AUTO_INCREMENT = 8 CHARACTER SET = utf8mb4 COLLATE = utf8mb4_0900_ai_ci ROW_FORMAT = Dynamic;

-- ----------------------------
-- Records of menu_items
-- ----------------------------
INSERT INTO `menu_items` VALUES (1, 'ITEM001', 'و‹›ç‰Œç‰›è‚‰é‌¢', 'é€‰ç”¨ن¸ٹç­‰ç‰›è‚‰ï¼Œé‌¢و‌،و‰‹ه·¥هˆ¶ن½œï¼Œو±¤ه¤´وµ“éƒپ', 38.00, 'ن¸»é£ں', NULL, 1, 156, '2026-03-05 11:02:13', '2026-03-05 11:02:13');
INSERT INTO `menu_items` VALUES (2, 'ITEM002', 'ه®«ن؟‌é¸،ن¸پ', 'ç»ڈه…¸ه·‌èڈœï¼Œé¸،è‚‰ه«©و»‘ï¼Œèٹ±ç”ںé¦™è„†', 32.00, 'çƒ­èڈœ', NULL, 1, 89, '2026-03-05 11:02:13', '2026-03-05 11:02:13');
INSERT INTO `menu_items` VALUES (3, 'ITEM003', 'è’œè“‰è¥؟ه…°èٹ±', 'و¸…و·،èگ¥ه…»ï¼Œè’œé¦™وµ“éƒپ', 18.00, 'ç´ èڈœ', NULL, 1, 67, '2026-03-05 11:02:13', '2026-03-05 11:02:13');
INSERT INTO `menu_items` VALUES (4, 'ITEM004', 'ç؛¢çƒ§è‚‰', 'ن؛”èٹ±è‚‰è‚¥è€Œن¸چè…»ï¼Œه…¥هڈ£هچ³هŒ–', 45.00, 'çƒ­èڈœ', NULL, 1, 234, '2026-03-05 11:02:13', '2026-03-05 11:02:13');
INSERT INTO `menu_items` VALUES (5, 'ITEM005', 'é…¸è¾£و±¤', 'ه¼€èƒƒçˆ½هڈ£ï¼Œو±¤è‰²é‡‘é»„', 12.00, 'و±¤ç±»', NULL, 1, 45, '2026-03-05 11:02:13', '2026-03-05 11:02:13');
INSERT INTO `menu_items` VALUES (6, 'ITEM006', 'è›‹ç‚’é¥­', 'ç²’ç²’هˆ†وکژï¼Œé¦™و°”و‰‘é¼»', 18.00, 'ن¸»é£ں', NULL, 1, 178, '2026-03-05 11:02:13', '2026-03-05 11:02:13');

-- ----------------------------
-- Table structure for order
-- ----------------------------
DROP TABLE IF EXISTS `order`;
CREATE TABLE `order`  (
  `id` varchar(191) CHARACTER SET utf8mb4 COLLATE utf8mb4_unicode_ci NOT NULL,
  `orderNo` varchar(191) CHARACTER SET utf8mb4 COLLATE utf8mb4_unicode_ci NOT NULL,
  `userId` varchar(191) CHARACTER SET utf8mb4 COLLATE utf8mb4_unicode_ci NOT NULL,
  `totalAmount` decimal(10, 2) NOT NULL,
  `payAmount` decimal(10, 2) NOT NULL,
  `status` varchar(191) CHARACTER SET utf8mb4 COLLATE utf8mb4_unicode_ci NOT NULL,
  `payTime` datetime(3) NULL DEFAULT NULL,
  `shipTime` datetime(3) NULL DEFAULT NULL,
  `completeTime` datetime(3) NULL DEFAULT NULL,
  `cancelTime` datetime(3) NULL DEFAULT NULL,
  `cancelReason` varchar(191) CHARACTER SET utf8mb4 COLLATE utf8mb4_unicode_ci NULL DEFAULT NULL,
  `shippingAddress` text CHARACTER SET utf8mb4 COLLATE utf8mb4_unicode_ci NULL,
  `remark` varchar(191) CHARACTER SET utf8mb4 COLLATE utf8mb4_unicode_ci NULL DEFAULT NULL,
  `createdAt` datetime(3) NOT NULL DEFAULT CURRENT_TIMESTAMP(3),
  `updatedAt` datetime(3) NOT NULL,
  PRIMARY KEY (`id`) USING BTREE,
  UNIQUE INDEX `Order_orderNo_key`(`orderNo` ASC) USING BTREE,
  INDEX `Order_userId_fkey`(`userId` ASC) USING BTREE,
  CONSTRAINT `Order_userId_fkey` FOREIGN KEY (`userId`) REFERENCES `user` (`id`) ON DELETE RESTRICT ON UPDATE CASCADE
) ENGINE = InnoDB CHARACTER SET = utf8mb4 COLLATE = utf8mb4_unicode_ci ROW_FORMAT = Dynamic;

-- ----------------------------
-- Records of order
-- ----------------------------

-- ----------------------------
-- Table structure for order_items
-- ----------------------------
DROP TABLE IF EXISTS `order_items`;
CREATE TABLE `order_items`  (
  `id` bigint NOT NULL AUTO_INCREMENT,
  `order_id` bigint NOT NULL,
  `menu_id` bigint NOT NULL,
  `menu_name` varchar(100) CHARACTER SET utf8mb4 COLLATE utf8mb4_0900_ai_ci NOT NULL,
  `quantity` int NOT NULL,
  `unit_price` decimal(10, 2) NOT NULL,
  `subtotal` decimal(10, 2) NOT NULL,
  `created_at` datetime NULL DEFAULT CURRENT_TIMESTAMP,
  PRIMARY KEY (`id`) USING BTREE,
  INDEX `idx_order_id`(`order_id` ASC) USING BTREE,
  INDEX `idx_menu_id`(`menu_id` ASC) USING BTREE
) ENGINE = InnoDB AUTO_INCREMENT = 2 CHARACTER SET = utf8mb4 COLLATE = utf8mb4_0900_ai_ci ROW_FORMAT = Dynamic;

-- ----------------------------
-- Records of order_items
-- ----------------------------
INSERT INTO `order_items` VALUES (1, 1, 5, 'é…¸è¾£و±¤', 1, 12.00, 12.00, '2026-03-05 19:37:20');

-- ----------------------------
-- Table structure for orderitem
-- ----------------------------
DROP TABLE IF EXISTS `orderitem`;
CREATE TABLE `orderitem`  (
  `id` varchar(191) CHARACTER SET utf8mb4 COLLATE utf8mb4_unicode_ci NOT NULL,
  `orderId` varchar(191) CHARACTER SET utf8mb4 COLLATE utf8mb4_unicode_ci NOT NULL,
  `productId` varchar(191) CHARACTER SET utf8mb4 COLLATE utf8mb4_unicode_ci NOT NULL,
  `productName` varchar(191) CHARACTER SET utf8mb4 COLLATE utf8mb4_unicode_ci NOT NULL,
  `productImage` varchar(191) CHARACTER SET utf8mb4 COLLATE utf8mb4_unicode_ci NULL DEFAULT NULL,
  `price` decimal(10, 2) NOT NULL,
  `quantity` int NOT NULL,
  `createdAt` datetime(3) NOT NULL DEFAULT CURRENT_TIMESTAMP(3),
  PRIMARY KEY (`id`) USING BTREE,
  INDEX `OrderItem_orderId_fkey`(`orderId` ASC) USING BTREE,
  INDEX `OrderItem_productId_fkey`(`productId` ASC) USING BTREE,
  CONSTRAINT `OrderItem_orderId_fkey` FOREIGN KEY (`orderId`) REFERENCES `order` (`id`) ON DELETE CASCADE ON UPDATE CASCADE,
  CONSTRAINT `OrderItem_productId_fkey` FOREIGN KEY (`productId`) REFERENCES `product` (`id`) ON DELETE RESTRICT ON UPDATE CASCADE
) ENGINE = InnoDB CHARACTER SET = utf8mb4 COLLATE = utf8mb4_unicode_ci ROW_FORMAT = Dynamic;

-- ----------------------------
-- Records of orderitem
-- ----------------------------

-- ----------------------------
-- Table structure for orders
-- ----------------------------
DROP TABLE IF EXISTS `orders`;
CREATE TABLE `orders`  (
  `id` bigint NOT NULL AUTO_INCREMENT,
  `order_number` varchar(64) CHARACTER SET utf8mb4 COLLATE utf8mb4_0900_ai_ci NOT NULL COMMENT 'è®¢هچ•هڈ·',
  `user_id` bigint NOT NULL,
  `status` varchar(20) CHARACTER SET utf8mb4 COLLATE utf8mb4_0900_ai_ci NOT NULL DEFAULT 'pending',
  `total_amount` decimal(10, 2) NULL DEFAULT NULL,
  `delivery_address` varchar(500) CHARACTER SET utf8mb4 COLLATE utf8mb4_0900_ai_ci NULL DEFAULT NULL,
  `contact_name` varchar(50) CHARACTER SET utf8mb4 COLLATE utf8mb4_0900_ai_ci NULL DEFAULT NULL,
  `contact_phone` varchar(20) CHARACTER SET utf8mb4 COLLATE utf8mb4_0900_ai_ci NULL DEFAULT NULL,
  `remark` varchar(500) CHARACTER SET utf8mb4 COLLATE utf8mb4_0900_ai_ci NULL DEFAULT NULL,
  `created_at` datetime NULL DEFAULT CURRENT_TIMESTAMP,
  `updated_at` datetime NULL DEFAULT CURRENT_TIMESTAMP ON UPDATE CURRENT_TIMESTAMP,
  PRIMARY KEY (`id`) USING BTREE,
  UNIQUE INDEX `order_number`(`order_number` ASC) USING BTREE,
  INDEX `idx_user_id`(`user_id` ASC) USING BTREE,
  INDEX `idx_status`(`status` ASC) USING BTREE
) ENGINE = InnoDB AUTO_INCREMENT = 2 CHARACTER SET = utf8mb4 COLLATE = utf8mb4_0900_ai_ci ROW_FORMAT = Dynamic;

-- ----------------------------
-- Records of orders
-- ----------------------------
INSERT INTO `orders` VALUES (1, 'ORD20260305888D8D', 1, 'completed', 12.00, 'و¹–هچ—çœپو¹کو½­ه¸‚', 'autumn', '13813813888', '', '2026-03-05 19:37:20', '2026-03-05 11:39:57');

-- ----------------------------
-- Table structure for product
-- ----------------------------
DROP TABLE IF EXISTS `product`;
CREATE TABLE `product`  (
  `id` varchar(191) CHARACTER SET utf8mb4 COLLATE utf8mb4_unicode_ci NOT NULL,
  `name` varchar(191) CHARACTER SET utf8mb4 COLLATE utf8mb4_unicode_ci NOT NULL,
  `description` text CHARACTER SET utf8mb4 COLLATE utf8mb4_unicode_ci NULL,
  `categoryId` varchar(191) CHARACTER SET utf8mb4 COLLATE utf8mb4_unicode_ci NULL DEFAULT NULL,
  `price` decimal(10, 2) NOT NULL,
  `originalPrice` decimal(10, 2) NULL DEFAULT NULL,
  `stock` int NOT NULL DEFAULT 0,
  `images` text CHARACTER SET utf8mb4 COLLATE utf8mb4_unicode_ci NULL,
  `status` varchar(191) CHARACTER SET utf8mb4 COLLATE utf8mb4_unicode_ci NOT NULL DEFAULT 'onsale',
  `sales` int NOT NULL DEFAULT 0,
  `createdAt` datetime(3) NOT NULL DEFAULT CURRENT_TIMESTAMP(3),
  `updatedAt` datetime(3) NOT NULL,
  PRIMARY KEY (`id`) USING BTREE,
  INDEX `Product_categoryId_fkey`(`categoryId` ASC) USING BTREE,
  CONSTRAINT `Product_categoryId_fkey` FOREIGN KEY (`categoryId`) REFERENCES `category` (`id`) ON DELETE SET NULL ON UPDATE CASCADE
) ENGINE = InnoDB CHARACTER SET = utf8mb4 COLLATE = utf8mb4_unicode_ci ROW_FORMAT = Dynamic;

-- ----------------------------
-- Records of product
-- ----------------------------
INSERT INTO `product` VALUES ('prod-1', 'iPhone 15 Pro Max', 'Apple iPhone 15 Pro Maxï¼Œ256GBï¼Œهژںé’›é‡‘ه±‍è®¾è®،ï¼ŒA17 Proèٹ¯ç‰‡ï¼Œه…¨و–°ن¸“ن¸ڑç›¸وœ؛ç³»ç»ںم€‚', 'cat-1', 9999.00, 10999.00, 100, '[\"https://picsum.photos/800/800?random=1\",\"https://picsum.photos/800/800?random=2\"]', 'onsale', 523, '2026-02-20 08:36:52.960', '2026-02-20 08:36:52.960');
INSERT INTO `product` VALUES ('prod-10', 'iPad Pro 12.9ه¯¸', 'Apple iPad Pro 12.9è‹±ه¯¸ï¼ŒM2èٹ¯ç‰‡ï¼ŒLiquid Retina XDRوک¾ç¤؛ه±ڈم€‚', 'cat-1', 9299.00, 9999.00, 60, '[\"https://picsum.photos/800/800?random=11\"]', 'onsale', 178, '2026-02-20 08:36:52.999', '2026-02-20 08:36:52.999');
INSERT INTO `product` VALUES ('prod-2', 'MacBook Pro 14ه¯¸', 'Apple MacBook Pro 14è‹±ه¯¸ï¼ŒM3 Proèٹ¯ç‰‡ï¼Œ18GBç»ںن¸€ه†…ه­کï¼Œ512GBه›؛و€پç،¬ç›کم€‚', 'cat-1', 15999.00, 16999.00, 50, '[\"https://picsum.photos/800/800?random=3\"]', 'onsale', 234, '2026-02-20 08:36:52.968', '2026-02-20 08:36:52.968');
INSERT INTO `product` VALUES ('prod-3', 'AirPods Pro ç¬¬ن؛Œن»£', 'Apple AirPods Pro (ç¬¬ن؛Œن»£)ï¼Œن¸»هٹ¨é™چه™ھï¼Œç©؛é—´éں³é¢‘ï¼ŒMagSafeه……ç”µç›’م€‚', 'cat-1', 1899.00, 1999.00, 200, '[\"https://picsum.photos/800/800?random=4\"]', 'onsale', 892, '2026-02-20 08:36:52.974', '2026-02-20 08:36:52.974');
INSERT INTO `product` VALUES ('prod-4', 'Nike Air Max 270', 'Nikeç”·ه­گè؟گهٹ¨é‍‹ï¼ŒAir Max 270ه¤§و°”ه‍«ï¼Œèˆ’é€‚ç¼“éœ‡ï¼Œو—¶ه°ڑç™¾وگ­م€‚', 'cat-2', 899.00, 1099.00, 150, '[\"https://picsum.photos/800/800?random=5\"]', 'onsale', 456, '2026-02-20 08:36:52.978', '2026-02-20 08:36:52.978');
INSERT INTO `product` VALUES ('prod-5', 'ن¼کè،£ه؛“èپ”هگچو¬¾Tوپ¤', 'ن¼کè،£ه؛“èپ”هگچو¬¾UTï¼Œç؛¯و£‰èˆ’é€‚ï¼Œه¤ڑè‰²هڈ¯é€‰ï¼Œç®€ç؛¦و—¶ه°ڑم€‚', 'cat-2', 79.00, 99.00, 500, '[\"https://picsum.photos/800/800?random=6\"]', 'onsale', 1234, '2026-02-20 08:36:52.981', '2026-02-20 08:36:52.981');
INSERT INTO `product` VALUES ('prod-6', 'و–°è¥؟ه…°ه¥‡ه¼‚و‍œ', 'و–°è¥؟ه…°è؟›هڈ£ه¥‡ه¼‚و‍œï¼Œ12ن¸ھè£…ï¼Œه¯Œهگ«ç»´ç”ںç´ Cï¼Œو–°é²œç”œç¾ژم€‚', 'cat-3', 68.00, 88.00, 300, '[\"https://picsum.photos/800/800?random=7\"]', 'onsale', 678, '2026-02-20 08:36:52.985', '2026-02-20 08:36:52.985');
INSERT INTO `product` VALUES ('prod-7', 'ن¸‰و–‡é±¼هˆ؛è؛«', 'و–°é²œن¸‰و–‡é±¼هˆ؛è؛«و‹¼ç›کï¼Œ500gï¼ŒوŒھه¨پè؟›هڈ£ï¼Œ-18آ°Cه†·é“¾é…چé€پم€‚', 'cat-3', 168.00, 198.00, 80, '[\"https://picsum.photos/800/800?random=8\"]', 'onsale', 234, '2026-02-20 08:36:52.989', '2026-02-20 08:36:52.989');
INSERT INTO `product` VALUES ('prod-8', 'وˆ´و£®هگ¸ه°که™¨V15', 'Dyson V15 Detectو— ç؛؟و‰‹وŒپهگ¸ه°که™¨ï¼Œو؟€ه…‰وژ¢وµ‹ï¼Œه¼؛هٹ²هگ¸هٹ›م€‚', 'cat-4', 4990.00, 5490.00, 30, '[\"https://picsum.photos/800/800?random=9\"]', 'onsale', 89, '2026-02-20 08:36:52.993', '2026-02-20 08:36:52.993');
INSERT INTO `product` VALUES ('prod-9', 'ç¾ژçڑ„و™؛èƒ½ç”µé¥­ç…²', 'ç¾ژçڑ„و™؛èƒ½ç”µé¥­ç…²ï¼Œ4Lه¤§ه®¹é‡ڈï¼ŒIHç”µç£پهٹ çƒ­ï¼Œه¤ڑهٹںèƒ½çƒ¹é¥ھم€‚', 'cat-4', 399.00, 499.00, 120, '[\"https://picsum.photos/800/800?random=10\"]', 'onsale', 345, '2026-02-20 08:36:52.996', '2026-02-20 08:36:52.996');

-- ----------------------------
-- Table structure for user
-- ----------------------------
DROP TABLE IF EXISTS `user`;
CREATE TABLE `user`  (
  `id` varchar(191) CHARACTER SET utf8mb4 COLLATE utf8mb4_unicode_ci NOT NULL,
  `openid` varchar(191) CHARACTER SET utf8mb4 COLLATE utf8mb4_unicode_ci NULL DEFAULT NULL,
  `unionid` varchar(191) CHARACTER SET utf8mb4 COLLATE utf8mb4_unicode_ci NULL DEFAULT NULL,
  `nickname` varchar(191) CHARACTER SET utf8mb4 COLLATE utf8mb4_unicode_ci NULL DEFAULT NULL,
  `avatar` varchar(191) CHARACTER SET utf8mb4 COLLATE utf8mb4_unicode_ci NULL DEFAULT NULL,
  `phone` varchar(191) CHARACTER SET utf8mb4 COLLATE utf8mb4_unicode_ci NULL DEFAULT NULL,
  `email` varchar(191) CHARACTER SET utf8mb4 COLLATE utf8mb4_unicode_ci NULL DEFAULT NULL,
  `password` varchar(191) CHARACTER SET utf8mb4 COLLATE utf8mb4_unicode_ci NULL DEFAULT NULL,
  `isAdmin` tinyint(1) NOT NULL DEFAULT 0,
  `status` varchar(191) CHARACTER SET utf8mb4 COLLATE utf8mb4_unicode_ci NOT NULL DEFAULT 'active',
  `createdAt` datetime(3) NOT NULL DEFAULT CURRENT_TIMESTAMP(3),
  `updatedAt` datetime(3) NOT NULL,
  PRIMARY KEY (`id`) USING BTREE,
  UNIQUE INDEX `User_openid_key`(`openid` ASC) USING BTREE
) ENGINE = InnoDB CHARACTER SET = utf8mb4 COLLATE = utf8mb4_unicode_ci ROW_FORMAT = Dynamic;

-- ----------------------------
-- Records of user
-- ----------------------------
INSERT INTO `user` VALUES ('6822e5fb-eb22-41c6-a783-4564901c7249', 'mock_openid_admin_admin_code', NULL, 'admin', NULL, NULL, NULL, NULL, 0, 'active', '2026-02-20 08:38:22.413', '2026-02-20 08:38:22.413');
INSERT INTO `user` VALUES ('user-admin-1', NULL, NULL, 'ç®،çگ†ه‘ک', 'https://picsum.photos/200/200?random=101', NULL, 'admin@example.com', NULL, 1, 'active', '2026-02-20 08:36:53.009', '2026-02-20 08:36:53.009');
INSERT INTO `user` VALUES ('user-test-1', NULL, NULL, 'وµ‹è¯•ç”¨وˆ·', 'https://picsum.photos/200/200?random=100', '13800138000', NULL, NULL, 0, 'active', '2026-02-20 08:36:53.004', '2026-02-20 08:36:53.004');

-- ----------------------------
-- Table structure for user_addresses
-- ----------------------------
DROP TABLE IF EXISTS `user_addresses`;
CREATE TABLE `user_addresses`  (
  `id` bigint NOT NULL AUTO_INCREMENT,
  `user_id` bigint NOT NULL COMMENT 'ç”¨وˆ·ID',
  `contact_name` varchar(50) CHARACTER SET utf8mb4 COLLATE utf8mb4_0900_ai_ci NOT NULL COMMENT 'èپ”ç³»ن؛؛ه§“هگچ',
  `contact_phone` varchar(20) CHARACTER SET utf8mb4 COLLATE utf8mb4_0900_ai_ci NOT NULL COMMENT 'èپ”ç³»ç”µè¯‌',
  `province` varchar(50) CHARACTER SET utf8mb4 COLLATE utf8mb4_0900_ai_ci NULL DEFAULT NULL COMMENT 'çœپن»½',
  `city` varchar(50) CHARACTER SET utf8mb4 COLLATE utf8mb4_0900_ai_ci NULL DEFAULT NULL COMMENT 'هںژه¸‚',
  `district` varchar(50) CHARACTER SET utf8mb4 COLLATE utf8mb4_0900_ai_ci NULL DEFAULT NULL COMMENT 'هŒ؛هژ؟',
  `address` varchar(255) CHARACTER SET utf8mb4 COLLATE utf8mb4_0900_ai_ci NULL DEFAULT NULL COMMENT 'ه®Œو•´هœ°ه‌€',
  `detail_address` varchar(255) CHARACTER SET utf8mb4 COLLATE utf8mb4_0900_ai_ci NULL DEFAULT NULL COMMENT 'è¯¦ç»†هœ°ه‌€',
  `latitude` decimal(10, 7) NULL DEFAULT NULL COMMENT 'ç؛¬ه؛¦',
  `longitude` decimal(10, 7) NULL DEFAULT NULL COMMENT 'ç»ڈه؛¦',
  `is_default` tinyint NULL DEFAULT 0 COMMENT 'وک¯هگ¦é»کè®¤هœ°ه‌€',
  `label` varchar(20) CHARACTER SET utf8mb4 COLLATE utf8mb4_0900_ai_ci NULL DEFAULT NULL COMMENT 'هœ°ه‌€و ‡ç­¾',
  `created_at` datetime NULL DEFAULT CURRENT_TIMESTAMP,
  `updated_at` datetime NULL DEFAULT CURRENT_TIMESTAMP ON UPDATE CURRENT_TIMESTAMP,
  PRIMARY KEY (`id`) USING BTREE,
  INDEX `idx_user_id`(`user_id` ASC) USING BTREE
) ENGINE = InnoDB AUTO_INCREMENT = 3 CHARACTER SET = utf8mb4 COLLATE = utf8mb4_0900_ai_ci ROW_FORMAT = Dynamic;

-- ----------------------------
-- Records of user_addresses
-- ----------------------------
INSERT INTO `user_addresses` VALUES (1, 1, 'autumn', '13813813888', NULL, NULL, NULL, 'و¹–هچ—çœپو¹کو½­ه¸‚', '', 27.8563200, 112.9073700, 1, 'ه®¶', '2026-03-05 11:34:59', '2026-03-05 11:34:59');
INSERT INTO `user_addresses` VALUES (2, 1, 'autumn', '15107520294', NULL, NULL, NULL, 'و¹–هچ—çœپو¹کو½­ه¸‚', '', 27.8563200, 112.9073700, 0, 'ه®¶', '2026-03-05 11:51:02', '2026-03-05 11:51:02');

-- ----------------------------
-- Table structure for user_favorites
-- ----------------------------
DROP TABLE IF EXISTS `user_favorites`;
CREATE TABLE `user_favorites`  (
  `id` bigint NOT NULL AUTO_INCREMENT,
  `user_id` bigint NOT NULL,
  `menu_id` bigint NOT NULL,
  `created_at` datetime NULL DEFAULT CURRENT_TIMESTAMP,
  PRIMARY KEY (`id`) USING BTREE,
  UNIQUE INDEX `uk_user_menu`(`user_id` ASC, `menu_id` ASC) USING BTREE,
  INDEX `idx_user_id`(`user_id` ASC) USING BTREE,
  INDEX `idx_menu_id`(`menu_id` ASC) USING BTREE
) ENGINE = InnoDB CHARACTER SET = utf8mb4 COLLATE = utf8mb4_0900_ai_ci ROW_FORMAT = Dynamic;

-- ----------------------------
-- Records of user_favorites
-- ----------------------------

-- ----------------------------
-- Table structure for user_sessions
-- ----------------------------
DROP TABLE IF EXISTS `user_sessions`;
CREATE TABLE `user_sessions`  (
  `id` bigint NOT NULL AUTO_INCREMENT,
  `user_id` bigint NOT NULL,
  `token` varchar(255) CHARACTER SET utf8mb4 COLLATE utf8mb4_0900_ai_ci NOT NULL,
  `expires_at` datetime NOT NULL,
  `created_at` datetime NULL DEFAULT CURRENT_TIMESTAMP,
  `last_active_at` datetime NULL DEFAULT CURRENT_TIMESTAMP,
  PRIMARY KEY (`id`) USING BTREE,
  UNIQUE INDEX `token`(`token` ASC) USING BTREE,
  INDEX `idx_user_id`(`user_id` ASC) USING BTREE,
  INDEX `idx_token`(`token` ASC) USING BTREE
) ENGINE = InnoDB AUTO_INCREMENT = 2 CHARACTER SET = utf8mb4 COLLATE = utf8mb4_0900_ai_ci ROW_FORMAT = Dynamic;

-- ----------------------------
-- Records of user_sessions
-- ----------------------------
INSERT INTO `user_sessions` VALUES (1, 1, 'fcf98da9e76f4e6db8081c2e19321789', '2026-03-08 19:03:09', '2026-03-05 19:03:09', '2026-03-05 19:03:09');

-- ----------------------------
-- Table structure for users
-- ----------------------------
DROP TABLE IF EXISTS `users`;
CREATE TABLE `users`  (
  `id` bigint NOT NULL AUTO_INCREMENT,
  `open_id` varchar(64) CHARACTER SET utf8mb4 COLLATE utf8mb4_0900_ai_ci NOT NULL COMMENT 'ه¾®ن؟،ç”¨وˆ·OpenID',
  `nickname` varchar(100) CHARACTER SET utf8mb4 COLLATE utf8mb4_0900_ai_ci NULL DEFAULT NULL COMMENT 'ç”¨وˆ·وکµç§°',
  `avatar_url` varchar(500) CHARACTER SET utf8mb4 COLLATE utf8mb4_0900_ai_ci NULL DEFAULT NULL COMMENT 'ه¤´هƒڈURL',
  `status` varchar(20) CHARACTER SET utf8mb4 COLLATE utf8mb4_0900_ai_ci NULL DEFAULT 'active' COMMENT 'çٹ¶و€پ: active=و­£ه¸¸, banned=ç¦پç”¨',
  `created_at` datetime NULL DEFAULT CURRENT_TIMESTAMP COMMENT 'هˆ›ه»؛و—¶é—´',
  `last_login_at` datetime NULL DEFAULT NULL COMMENT 'وœ€هگژç™»ه½•و—¶é—´',
  PRIMARY KEY (`id`) USING BTREE,
  UNIQUE INDEX `open_id`(`open_id` ASC) USING BTREE,
  INDEX `idx_open_id`(`open_id` ASC) USING BTREE
) ENGINE = InnoDB AUTO_INCREMENT = 2 CHARACTER SET = utf8mb4 COLLATE = utf8mb4_0900_ai_ci ROW_FORMAT = Dynamic;

-- ----------------------------
-- Records of users
-- ----------------------------
INSERT INTO `users` VALUES (1, 'oBIgH7KYU_DNvW4Uac3b9zvOyYJw', 'autumn', 'http://tmp/GshCsbI-CCnKe16acc670338149eacc69129f0b46e7b.jpeg', 'active', '2026-03-05 19:03:09', '2026-03-05 19:03:09');

SET FOREIGN_KEY_CHECKS = 1;
